prediction,proba
0,0.25127431433055725
0,0.2488234589065601
0,0.15913210628289545
0,0.156526354661834
0,0.12195905382895667
0,0.15566552688381813
0,0.12694282689904993
0,0.24760404243566794
0,0.2587225695936
0,0.15739105543135787
