ID,prediction,proba
1001,0,0.12235063934582584
1002,0,0.12179105487428343
1003,0,0.1965980505322739
1004,0,0.15143303816185671
1005,0,0.1940956963371433
1006,0,0.1974746711396708
1007,0,0.15387142829292946
1008,0,0.1517667267640405
1009,0,0.25344520608202536
1010,0,0.19837254010834185
