ID,prediction,proba
1001,0,0.37300960955356394
1002,0,0.3732174665470733
1003,1,0.5298104966481904
1004,0,0.45077795915983176
1005,1,0.5304745679664392
1006,1,0.5295891159687579
1007,0,0.45000803740189815
1008,0,0.45066795581747654
1009,1,0.6080114410206334
1010,1,0.5293677236467828
